"행정구역(시도)별","연령별","전입사유별",2023
"전국","계","계",3383196
"전국","계","직업",1040409
"전국","계","가족",946201
"전국","계","주택",695064
"전국","계","교육",196816
"전국","계","주거환경",181349
"전국","계","자연환경",47164
"전국","계","기타",276193
"전국","20세 미만","계",138495
"전국","20세 미만","직업",10016
"전국","20세 미만","가족",46822
"전국","20세 미만","주택",6092
"전국","20세 미만","교육",63227
"전국","20세 미만","주거환경",3670
"전국","20세 미만","자연환경",362
"전국","20세 미만","기타",8306
"전국","20대","계",1127965
"전국","20대","직업",448211
"전국","20대","가족",282895
"전국","20대","주택",148867
"전국","20대","교육",121509
"전국","20대","주거환경",63682
"전국","20대","자연환경",3433
"전국","20대","기타",59368
"전국","30대","계",810037
"전국","30대","직업",258745
"전국","30대","가족",257287
"전국","30대","주택",184090
"전국","30대","교육",5356
"전국","30대","주거환경",46464
"전국","30대","자연환경",4362
"전국","30대","기타",53733
"전국","40대","계",400260
"전국","40대","직업",133658
"전국","40대","가족",100544
"전국","40대","주택",98579
"전국","40대","교육",3698
"전국","40대","주거환경",19016
"전국","40대","자연환경",5394
"전국","40대","기타",39371
"전국","50대","계",384813
"전국","50대","직업",118420
"전국","50대","가족",93078
"전국","50대","주택",100420
"전국","50대","교육",1893
"전국","50대","주거환경",17030
"전국","50대","자연환경",10019
"전국","50대","기타",43953
"전국","60대","계",313773
"전국","60대","직업",60407
"전국","60대","가족",89596
"전국","60대","주택",98001
"전국","60대","교육",795
"전국","60대","주거환경",15590
"전국","60대","자연환경",11388
"전국","60대","기타",37996
"전국","70세 이상","계",207853
"전국","70세 이상","직업",10952
"전국","70세 이상","가족",75979
"전국","70세 이상","주택",59015
"전국","70세 이상","교육",338
"전국","70세 이상","주거환경",15897
"전국","70세 이상","자연환경",12206
"전국","70세 이상","기타",33466
"전국","19-34세","계",1716157
"전국","19-34세","직업",627970
"전국","19-34세","가족",470666
"전국","19-34세","주택",268668
"전국","19-34세","교육",150487
"전국","19-34세","주거환경",97027
"전국","19-34세","자연환경",5945
"전국","19-34세","기타",95394
"전국","19-39세","계",1990414
"전국","19-39세","직업",712712
"전국","19-39세","가족",554284
"전국","19-39세","주택",335621
"전국","19-39세","교육",152162
"전국","19-39세","주거환경",111893
"전국","19-39세","자연환경",7944
"전국","19-39세","기타",115798
"서울특별시","계","계",703268
"서울특별시","계","직업",231307
"서울특별시","계","가족",168695
"서울특별시","계","주택",142750
"서울특별시","계","교육",54729
"서울특별시","계","주거환경",46706
"서울특별시","계","자연환경",2792
"서울특별시","계","기타",56289
"서울특별시","20세 미만","계",25458
"서울특별시","20세 미만","직업",2181
"서울특별시","20세 미만","가족",6313
"서울특별시","20세 미만","주택",1301
"서울특별시","20세 미만","교육",13243
"서울특별시","20세 미만","주거환경",753
"서울특별시","20세 미만","자연환경",21
"서울특별시","20세 미만","기타",1646
"서울특별시","20대","계",279883
"서울특별시","20대","직업",120964
"서울특별시","20대","가족",46043
"서울특별시","20대","주택",41011
"서울특별시","20대","교육",38110
"서울특별시","20대","주거환경",19950
"서울특별시","20대","자연환경",384
"서울특별시","20대","기타",13421
"서울특별시","30대","계",192615
"서울특별시","30대","직업",62656
"서울특별시","30대","가족",57283
"서울특별시","30대","주택",43095
"서울특별시","30대","교육",1834
"서울특별시","30대","주거환경",14478
"서울특별시","30대","자연환경",445
"서울특별시","30대","기타",12824
"서울특별시","40대","계",68680
"서울특별시","40대","직업",20525
"서울특별시","40대","가족",18171
"서울특별시","40대","주택",17169
"서울특별시","40대","교육",832
"서울특별시","40대","주거환경",4360
"서울특별시","40대","자연환경",312
"서울특별시","40대","기타",7311
"서울특별시","50대","계",56017
"서울특별시","50대","직업",14954
"서울특별시","50대","가족",14138
"서울특별시","50대","주택",14936
"서울특별시","50대","교육",488
"서울특별시","50대","주거환경",2938
"서울특별시","50대","자연환경",405
"서울특별시","50대","기타",8158
"서울특별시","60대","계",47945
"서울특별시","60대","직업",8281
"서울특별시","60대","가족",14162
"서울특별시","60대","주택",15102
"서울특별시","60대","교육",149
"서울특별시","60대","주거환경",2365
"서울특별시","60대","자연환경",468
"서울특별시","60대","기타",7418
"서울특별시","70세 이상","계",32670
"서울특별시","70세 이상","직업",1746
"서울특별시","70세 이상","가족",12585
"서울특별시","70세 이상","주택",10136
"서울특별시","70세 이상","교육",73
"서울특별시","70세 이상","주거환경",1862
"서울특별시","70세 이상","자연환경",757
"서울특별시","70세 이상","기타",5511
"서울특별시","19-34세","계",424166
"서울특별시","19-34세","직업",166997
"서울특별시","19-34세","가족",87001
"서울특별시","19-34세","주택",70268
"서울특별시","19-34세","교육",46596
"서울특별시","19-34세","주거환경",30483
"서울특별시","19-34세","자연환경",665
"서울특별시","19-34세","기타",22156
"서울특별시","19-39세","계",484625
"서울특별시","19-39세","직업",184930
"서울특별시","19-39세","가족",105300
"서울특별시","19-39세","주택",84823
"서울특별시","19-39세","교육",47044
"서울특별시","19-39세","주거환경",34913
"서울특별시","19-39세","자연환경",843
"서울특별시","19-39세","기타",26772
"부산광역시","계","계",208049
"부산광역시","계","직업",59889
"부산광역시","계","가족",57663
"부산광역시","계","주택",45100
"부산광역시","계","교육",15334
"부산광역시","계","주거환경",13192
"부산광역시","계","자연환경",1992
"부산광역시","계","기타",14879
"부산광역시","20세 미만","계",8502
"부산광역시","20세 미만","직업",662
"부산광역시","20세 미만","가족",2746
"부산광역시","20세 미만","주택",423
"부산광역시","20세 미만","교육",3994
"부산광역시","20세 미만","주거환경",269
"부산광역시","20세 미만","자연환경",17
"부산광역시","20세 미만","기타",391
"부산광역시","20대","계",72350
"부산광역시","20대","직업",26723
"부산광역시","20대","가족",16834
"부산광역시","20대","주택",9461
"부산광역시","20대","교육",10622
"부산광역시","20대","주거환경",4980
"부산광역시","20대","자연환경",178
"부산광역시","20대","기타",3552
"부산광역시","30대","계",48288
"부산광역시","30대","직업",14530
"부산광역시","30대","가족",16026
"부산광역시","30대","주택",10838
"부산광역시","30대","교육",336
"부산광역시","30대","주거환경",3228
"부산광역시","30대","자연환경",198
"부산광역시","30대","기타",3132
"부산광역시","40대","계",24153
"부산광역시","40대","직업",7523
"부산광역시","40대","가족",6569
"부산광역시","40대","주택",6148
"부산광역시","40대","교육",209
"부산광역시","40대","주거환경",1289
"부산광역시","40대","자연환경",215
"부산광역시","40대","기타",2200
"부산광역시","50대","계",21613
"부산광역시","50대","직업",6311
"부산광역시","50대","가족",5227
"부산광역시","50대","주택",6281
"부산광역시","50대","교육",98
"부산광역시","50대","주거환경",1148
"부산광역시","50대","자연환경",335
"부산광역시","50대","기타",2213
"부산광역시","60대","계",19214
"부산광역시","60대","직업",3403
"부산광역시","60대","가족",5293
"부산광역시","60대","주택",7091
"부산광역시","60대","교육",54
"부산광역시","60대","주거환경",1178
"부산광역시","60대","자연환경",369
"부산광역시","60대","기타",1826
"부산광역시","70세 이상","계",13929
"부산광역시","70세 이상","직업",737
"부산광역시","70세 이상","가족",4968
"부산광역시","70세 이상","주택",4858
"부산광역시","70세 이상","교육",21
"부산광역시","70세 이상","주거환경",1100
"부산광역시","70세 이상","자연환경",680
"부산광역시","70세 이상","기타",1565
"부산광역시","19-34세","계",108011
"부산광역시","19-34세","직업",36979
"부산광역시","19-34세","가족",28351
"부산광역시","19-34세","주택",16626
"부산광역시","19-34세","교육",12743
"부산광역시","19-34세","주거환경",7381
"부산광역시","19-34세","자연환경",299
"부산광역시","19-34세","기타",5632
"부산광역시","19-39세","계",124209
"부산광역시","19-39세","직업",41620
"부산광역시","19-39세","가족",33678
"부산광역시","19-39세","주택",20499
"부산광역시","19-39세","교육",12832
"부산광역시","19-39세","주거환경",8361
"부산광역시","19-39세","자연환경",384
"부산광역시","19-39세","기타",6835
"대구광역시","계","계",147871
"대구광역시","계","직업",38179
"대구광역시","계","가족",44382
"대구광역시","계","주택",34679
"대구광역시","계","교육",7704
"대구광역시","계","주거환경",9006
"대구광역시","계","자연환경",1499
"대구광역시","계","기타",12422
"대구광역시","20세 미만","계",5306
"대구광역시","20세 미만","직업",418
"대구광역시","20세 미만","가족",2027
"대구광역시","20세 미만","주택",294
"대구광역시","20세 미만","교육",1988
"대구광역시","20세 미만","주거환경",210
"대구광역시","20세 미만","자연환경",13
"대구광역시","20세 미만","기타",356
"대구광역시","20대","계",47679
"대구광역시","20대","직업",16626
"대구광역시","20대","가족",13497
"대구광역시","20대","주택",6703
"대구광역시","20대","교육",5154
"대구광역시","20대","주거환경",3078
"대구광역시","20대","자연환경",92
"대구광역시","20대","기타",2529
"대구광역시","30대","계",35765
"대구광역시","30대","직업",9433
"대구광역시","30대","가족",12018
"대구광역시","30대","주택",9606
"대구광역시","30대","교육",246
"대구광역시","30대","주거환경",2095
"대구광역시","30대","자연환경",115
"대구광역시","30대","기타",2252
"대구광역시","40대","계",17708
"대구광역시","40대","직업",4830
"대구광역시","40대","가족",4613
"대구광역시","40대","주택",5077
"대구광역시","40대","교육",185
"대구광역시","40대","주거환경",964
"대구광역시","40대","자연환경",156
"대구광역시","40대","기타",1883
"대구광역시","50대","계",16757
"대구광역시","50대","직업",4263
"대구광역시","50대","가족",4228
"대구광역시","50대","주택",4957
"대구광역시","50대","교육",77
"대구광역시","50대","주거환경",936
"대구광역시","50대","자연환경",262
"대구광역시","50대","기타",2034
"대구광역시","60대","계",14059
"대구광역시","60대","직업",2174
"대구광역시","60대","가족",4266
"대구광역시","60대","주택",4856
"대구광역시","60대","교육",30
"대구광역시","60대","주거환경",790
"대구광역시","60대","자연환경",318
"대구광역시","60대","기타",1625
"대구광역시","70세 이상","계",10597
"대구광역시","70세 이상","직업",435
"대구광역시","70세 이상","가족",3733
"대구광역시","70세 이상","주택",3186
"대구광역시","70세 이상","교육",24
"대구광역시","70세 이상","주거환경",933
"대구광역시","70세 이상","자연환경",543
"대구광역시","70세 이상","기타",1743
"대구광역시","19-34세","계",73285
"대구광역시","19-34세","직업",23180
"대구광역시","19-34세","가족",22285
"대구광역시","19-34세","주택",12846
"대구광역시","19-34세","교육",6170
"대구광역시","19-34세","주거환경",4588
"대구광역시","19-34세","자연환경",158
"대구광역시","19-34세","기타",4058
"대구광역시","19-39세","계",85433
"대구광역시","19-39세","직업",26295
"대구광역시","19-39세","가족",26083
"대구광역시","19-39세","주택",16436
"대구광역시","19-39세","교육",6256
"대구광역시","19-39세","주거환경",5260
"대구광역시","19-39세","자연환경",210
"대구광역시","19-39세","기타",4893
"인천광역시","계","계",201714
"인천광역시","계","직업",54132
"인천광역시","계","가족",57891
"인천광역시","계","주택",52281
"인천광역시","계","교육",6781
"인천광역시","계","주거환경",10548
"인천광역시","계","자연환경",2093
"인천광역시","계","기타",17988
"인천광역시","20세 미만","계",6413
"인천광역시","20세 미만","직업",590
"인천광역시","20세 미만","가족",2401
"인천광역시","20세 미만","주택",423
"인천광역시","20세 미만","교육",2356
"인천광역시","20세 미만","주거환경",210
"인천광역시","20세 미만","자연환경",16
"인천광역시","20세 미만","기타",417
"인천광역시","20대","계",58472
"인천광역시","20대","직업",21525
"인천광역시","20대","가족",16851
"인천광역시","20대","주택",9329
"인천광역시","20대","교육",3936
"인천광역시","20대","주거환경",3297
"인천광역시","20대","자연환경",128
"인천광역시","20대","기타",3406
"인천광역시","30대","계",52162
"인천광역시","30대","직업",13705
"인천광역시","30대","가족",16960
"인천광역시","30대","주택",14668
"인천광역시","30대","교육",186
"인천광역시","30대","주거환경",2922
"인천광역시","30대","자연환경",189
"인천광역시","30대","기타",3532
"인천광역시","40대","계",26443
"인천광역시","40대","직업",7649
"인천광역시","40대","가족",6231
"인천광역시","40대","주택",8299
"인천광역시","40대","교육",162
"인천광역시","40대","주거환경",1243
"인천광역시","40대","자연환경",205
"인천광역시","40대","기타",2654
"인천광역시","50대","계",24149
"인천광역시","50대","직업",6593
"인천광역시","50대","가족",5501
"인천광역시","50대","주택",7911
"인천광역시","50대","교육",74
"인천광역시","50대","주거환경",967
"인천광역시","50대","자연환경",333
"인천광역시","50대","기타",2770
"인천광역시","60대","계",19945
"인천광역시","60대","직업",3416
"인천광역시","60대","가족",5345
"인천광역시","60대","주택",7288
"인천광역시","60대","교육",41
"인천광역시","60대","주거환경",876
"인천광역시","60대","자연환경",427
"인천광역시","60대","기타",2552
"인천광역시","70세 이상","계",14130
"인천광역시","70세 이상","직업",654
"인천광역시","70세 이상","가족",4602
"인천광역시","70세 이상","주택",4363
"인천광역시","70세 이상","교육",26
"인천광역시","70세 이상","주거환경",1033
"인천광역시","70세 이상","자연환경",795
"인천광역시","70세 이상","기타",2657
"인천광역시","19-34세","계",94443
"인천광역시","19-34세","직업",30796
"인천광역시","19-34세","가족",28952
"인천광역시","19-34세","주택",18522
"인천광역시","19-34세","교육",4880
"인천광역시","19-34세","주거환경",5362
"인천광역시","19-34세","자연환경",232
"인천광역시","19-34세","기타",5699
"인천광역시","19-39세","계",112828
"인천광역시","19-39세","직업",35583
"인천광역시","19-39세","가족",34430
"인천광역시","19-39세","주택",24154
"인천광역시","19-39세","교육",4960
"인천광역시","19-39세","주거환경",6317
"인천광역시","19-39세","자연환경",321
"인천광역시","19-39세","기타",7063
"광주광역시","계","계",97701
"광주광역시","계","직업",25085
"광주광역시","계","가족",30388
"광주광역시","계","주택",21242
"광주광역시","계","교육",5805
"광주광역시","계","주거환경",5982
"광주광역시","계","자연환경",825
"광주광역시","계","기타",8374
"광주광역시","20세 미만","계",4658
"광주광역시","20세 미만","직업",290
"광주광역시","20세 미만","가족",1902
"광주광역시","20세 미만","주택",251
"광주광역시","20세 미만","교육",1723
"광주광역시","20세 미만","주거환경",176
"광주광역시","20세 미만","자연환경",6
"광주광역시","20세 미만","기타",310
"광주광역시","20대","계",34048
"광주광역시","20대","직업",11283
"광주광역시","20대","가족",9556
"광주광역시","20대","주택",4918
"광주광역시","20대","교육",3635
"광주광역시","20대","주거환경",2313
"광주광역시","20대","자연환경",72
"광주광역시","20대","기타",2271
"광주광역시","30대","계",21109
"광주광역시","30대","직업",5664
"광주광역시","30대","가족",7069
"광주광역시","30대","주택",5123
"광주광역시","30대","교육",203
"광주광역시","30대","주거환경",1315
"광주광역시","30대","자연환경",82
"광주광역시","30대","기타",1653
"광주광역시","40대","계",11757
"광주광역시","40대","직업",3340
"광주광역시","40대","가족",3243
"광주광역시","40대","주택",3026
"광주광역시","40대","교육",135
"광주광역시","40대","주거환경",632
"광주광역시","40대","자연환경",85
"광주광역시","40대","기타",1296
"광주광역시","50대","계",11437
"광주광역시","50대","직업",2883
"광주광역시","50대","가족",3266
"광주광역시","50대","주택",3266
"광주광역시","50대","교육",69
"광주광역시","50대","주거환경",604
"광주광역시","50대","자연환경",144
"광주광역시","50대","기타",1205
"광주광역시","60대","계",8567
"광주광역시","60대","직업",1328
"광주광역시","60대","가족",2797
"광주광역시","60대","주택",2920
"광주광역시","60대","교육",33
"광주광역시","60대","주거환경",452
"광주광역시","60대","자연환경",164
"광주광역시","60대","기타",873
"광주광역시","70세 이상","계",6125
"광주광역시","70세 이상","직업",297
"광주광역시","70세 이상","가족",2555
"광주광역시","70세 이상","주택",1738
"광주광역시","70세 이상","교육",7
"광주광역시","70세 이상","주거환경",490
"광주광역시","70세 이상","자연환경",272
"광주광역시","70세 이상","기타",766
"광주광역시","19-34세","계",49238
"광주광역시","19-34세","직업",15133
"광주광역시","19-34세","가족",14789
"광주광역시","19-34세","주택",8303
"광주광역시","19-34세","교육",4264
"광주광역시","19-34세","주거환경",3251
"광주광역시","19-34세","자연환경",114
"광주광역시","19-34세","기타",3384
"광주광역시","19-39세","계",56584
"광주광역시","19-39세","직업",17100
"광주광역시","19-39세","가족",17119
"광주광역시","19-39세","주택",10148
"광주광역시","19-39세","교육",4333
"광주광역시","19-39세","주거환경",3705
"광주광역시","19-39세","자연환경",155
"광주광역시","19-39세","기타",4024
"대전광역시","계","계",111090
"대전광역시","계","직업",35449
"대전광역시","계","가족",28778
"대전광역시","계","주택",20891
"대전광역시","계","교육",10540
"대전광역시","계","주거환경",6363
"대전광역시","계","자연환경",841
"대전광역시","계","기타",8228
"대전광역시","20세 미만","계",5369
"대전광역시","20세 미만","직업",437
"대전광역시","20세 미만","가족",1482
"대전광역시","20세 미만","주택",239
"대전광역시","20세 미만","교육",2566
"대전광역시","20세 미만","주거환경",167
"대전광역시","20세 미만","자연환경",11
"대전광역시","20세 미만","기타",467
"대전광역시","20대","계",45412
"대전광역시","20대","직업",17795
"대전광역시","20대","가족",9421
"대전광역시","20대","주택",5702
"대전광역시","20대","교육",7522
"대전광역시","20대","주거환경",2689
"대전광역시","20대","자연환경",67
"대전광역시","20대","기타",2216
"대전광역시","30대","계",24240
"대전광역시","30대","직업",8356
"대전광역시","30대","가족",7433
"대전광역시","30대","주택",5087
"대전광역시","30대","교육",239
"대전광역시","30대","주거환경",1472
"대전광역시","30대","자연환경",85
"대전광역시","30대","기타",1568
"대전광역시","40대","계",11242
"대전광역시","40대","직업",3827
"대전광역시","40대","가족",2879
"대전광역시","40대","주택",2673
"대전광역시","40대","교육",114
"대전광역시","40대","주거환경",567
"대전광역시","40대","자연환경",84
"대전광역시","40대","기타",1098
"대전광역시","50대","계",10716
"대전광역시","50대","직업",3257
"대전광역시","50대","가족",2754
"대전광역시","50대","주택",2907
"대전광역시","50대","교육",68
"대전광역시","50대","주거환경",538
"대전광역시","50대","자연환경",122
"대전광역시","50대","기타",1070
"대전광역시","60대","계",8104
"대전광역시","60대","직업",1472
"대전광역시","60대","가족",2473
"대전광역시","60대","주택",2693
"대전광역시","60대","교육",22
"대전광역시","60대","주거환경",403
"대전광역시","60대","자연환경",156
"대전광역시","60대","기타",885
"대전광역시","70세 이상","계",6007
"대전광역시","70세 이상","직업",305
"대전광역시","70세 이상","가족",2336
"대전광역시","70세 이상","주택",1590
"대전광역시","70세 이상","교육",9
"대전광역시","70세 이상","주거환경",527
"대전광역시","70세 이상","자연환경",316
"대전광역시","70세 이상","기타",924
"대전광역시","19-34세","계",64151
"대전광역시","19-34세","직업",23875
"대전광역시","19-34세","가족",14977
"대전광역시","19-34세","주택",9141
"대전광역시","19-34세","교육",8916
"대전광역시","19-34세","주거환경",3792
"대전광역시","19-34세","자연환경",126
"대전광역시","19-34세","기타",3324
"대전광역시","19-39세","계",71938
"대전광역시","19-39세","직업",26396
"대전광역시","19-39세","가족",17337
"대전광역시","19-39세","주택",10925
"대전광역시","19-39세","교육",8990
"대전광역시","19-39세","주거환경",4245
"대전광역시","19-39세","자연환경",153
"대전광역시","19-39세","기타",3892
"울산광역시","계","계",63420
"울산광역시","계","직업",20579
"울산광역시","계","가족",20391
"울산광역시","계","주택",11694
"울산광역시","계","교육",1815
"울산광역시","계","주거환경",2557
"울산광역시","계","자연환경",730
"울산광역시","계","기타",5654
"울산광역시","20세 미만","계",1879
"울산광역시","20세 미만","직업",145
"울산광역시","20세 미만","가족",942
"울산광역시","20세 미만","주택",84
"울산광역시","20세 미만","교육",490
"울산광역시","20세 미만","주거환경",47
"울산광역시","20세 미만","자연환경",7
"울산광역시","20세 미만","기타",164
"울산광역시","20대","계",21514
"울산광역시","20대","직업",8483
"울산광역시","20대","가족",7273
"울산광역시","20대","주택",2449
"울산광역시","20대","교육",1189
"울산광역시","20대","주거환경",912
"울산광역시","20대","자연환경",58
"울산광역시","20대","기타",1150
"울산광역시","30대","계",15544
"울산광역시","30대","직업",4894
"울산광역시","30대","가족",5325
"울산광역시","30대","주택",3508
"울산광역시","30대","교육",64
"울산광역시","30대","주거환경",653
"울산광역시","30대","자연환경",62
"울산광역시","30대","기타",1038
"울산광역시","40대","계",7774
"울산광역시","40대","직업",2949
"울산광역시","40대","가족",1854
"울산광역시","40대","주택",1716
"울산광역시","40대","교육",38
"울산광역시","40대","주거환경",279
"울산광역시","40대","자연환경",65
"울산광역시","40대","기타",873
"울산광역시","50대","계",7328
"울산광역시","50대","직업",2614
"울산광역시","50대","가족",1679
"울산광역시","50대","주택",1650
"울산광역시","50대","교육",14
"울산광역시","50대","주거환경",264
"울산광역시","50대","자연환경",155
"울산광역시","50대","기타",952
"울산광역시","60대","계",5823
"울산광역시","60대","직업",1296
"울산광역시","60대","가족",1772
"울산광역시","60대","주택",1519
"울산광역시","60대","교육",16
"울산광역시","60대","주거환경",210
"울산광역시","60대","자연환경",188
"울산광역시","60대","기타",822
"울산광역시","70세 이상","계",3558
"울산광역시","70세 이상","직업",198
"울산광역시","70세 이상","가족",1546
"울산광역시","70세 이상","주택",768
"울산광역시","70세 이상","교육",4
"울산광역시","70세 이상","주거환경",192
"울산광역시","70세 이상","자연환경",195
"울산광역시","70세 이상","기타",655
"울산광역시","19-34세","계",32723
"울산광역시","19-34세","직업",11834
"울산광역시","19-34세","가족",11385
"울산광역시","19-34세","주택",4831
"울산광역시","19-34세","교육",1375
"울산광역시","19-34세","주거환경",1382
"울산광역시","19-34세","자연환경",94
"울산광역시","19-34세","기타",1822
"울산광역시","19-39세","계",37717
"울산광역시","19-39세","직업",13462
"울산광역시","19-39세","가족",12928
"울산광역시","19-39세","주택",5989
"울산광역시","19-39세","교육",1396
"울산광역시","19-39세","주거환경",1584
"울산광역시","19-39세","자연환경",122
"울산광역시","19-39세","기타",2236
"세종특별자치시","계","계",27276
"세종특별자치시","계","직업",8810
"세종특별자치시","계","가족",8351
"세종특별자치시","계","주택",5258
"세종특별자치시","계","교육",1220
"세종특별자치시","계","주거환경",1290
"세종특별자치시","계","자연환경",258
"세종특별자치시","계","기타",2089
"세종특별자치시","20세 미만","계",1015
"세종특별자치시","20세 미만","직업",63
"세종특별자치시","20세 미만","가족",459
"세종특별자치시","20세 미만","주택",39
"세종특별자치시","20세 미만","교육",369
"세종특별자치시","20세 미만","주거환경",27
"세종특별자치시","20세 미만","자연환경",4
"세종특별자치시","20세 미만","기타",54
"세종특별자치시","20대","계",8977
"세종특별자치시","20대","직업",3577
"세종특별자치시","20대","가족",2418
"세종특별자치시","20대","주택",1376
"세종특별자치시","20대","교육",729
"세종특별자치시","20대","주거환경",392
"세종특별자치시","20대","자연환경",20
"세종특별자치시","20대","기타",465
"세종특별자치시","30대","계",7796
"세종특별자치시","30대","직업",2626
"세종특별자치시","30대","가족",2333
"세종특별자치시","30대","주택",1830
"세종특별자치시","30대","교육",49
"세종특별자치시","30대","주거환경",414
"세종특별자치시","30대","자연환경",31
"세종특별자치시","30대","기타",513
"세종특별자치시","40대","계",3425
"세종특별자치시","40대","직업",1247
"세종특별자치시","40대","가족",940
"세종특별자치시","40대","주택",700
"세종특별자치시","40대","교육",40
"세종특별자치시","40대","주거환경",158
"세종특별자치시","40대","자연환경",23
"세종특별자치시","40대","기타",317
"세종특별자치시","50대","계",2705
"세종특별자치시","50대","직업",889
"세종특별자치시","50대","가족",797
"세종특별자치시","50대","주택",522
"세종특별자치시","50대","교육",17
"세종특별자치시","50대","주거환경",114
"세종특별자치시","50대","자연환경",54
"세종특별자치시","50대","기타",312
"세종특별자치시","60대","계",2135
"세종특별자치시","60대","직업",354
"세종특별자치시","60대","가족",811
"세종특별자치시","60대","주택",535
"세종특별자치시","60대","교육",12
"세종특별자치시","60대","주거환경",97
"세종특별자치시","60대","자연환경",68
"세종특별자치시","60대","기타",258
"세종특별자치시","70세 이상","계",1223
"세종특별자치시","70세 이상","직업",54
"세종특별자치시","70세 이상","가족",593
"세종특별자치시","70세 이상","주택",256
"세종특별자치시","70세 이상","교육",4
"세종특별자치시","70세 이상","주거환경",88
"세종특별자치시","70세 이상","자연환경",58
"세종특별자치시","70세 이상","기타",170
"세종특별자치시","19-34세","계",14554
"세종특별자치시","19-34세","직업",5371
"세종특별자치시","19-34세","가족",4113
"세종특별자치시","19-34세","주택",2628
"세종특별자치시","19-34세","교육",910
"세종특별자치시","19-34세","주거환경",689
"세종특별자치시","19-34세","자연환경",38
"세종특별자치시","19-34세","기타",805
"세종특별자치시","19-39세","계",17157
"세종특별자치시","19-39세","직업",6232
"세종특별자치시","19-39세","가족",4895
"세종특별자치시","19-39세","주택",3223
"세종특별자치시","19-39세","교육",934
"세종특별자치시","19-39세","주거환경",822
"세종특별자치시","19-39세","자연환경",51
"세종특별자치시","19-39세","기타",1000
"경기도","계","계",835320
"경기도","계","직업",252618
"경기도","계","가족",246410
"경기도","계","주택",176606
"경기도","계","교육",33854
"경기도","계","주거환경",42119
"경기도","계","자연환경",9462
"경기도","계","기타",74251
"경기도","20세 미만","계",32117
"경기도","20세 미만","직업",2165
"경기도","20세 미만","가족",10870
"경기도","20세 미만","주택",1257
"경기도","20세 미만","교육",15011
"경기도","20세 미만","주거환경",786
"경기도","20세 미만","자연환경",58
"경기도","20세 미만","기타",1970
"경기도","20대","계",255001
"경기도","20대","직업",102856
"경기도","20대","가족",72714
"경기도","20대","주택",34279
"경기도","20대","교육",16719
"경기도","20대","주거환경",13685
"경기도","20대","자연환경",682
"경기도","20대","기타",14066
"경기도","30대","계",217310
"경기도","30대","직업",65676
"경기도","30대","가족",72387
"경기도","30대","주택",51176
"경기도","30대","교육",754
"경기도","30대","주거환경",11810
"경기도","30대","자연환경",1025
"경기도","30대","기타",14482
"경기도","40대","계",104362
"경기도","40대","직업",34664
"경기도","40대","가족",25582
"경기도","40대","주택",27142
"경기도","40대","교육",738
"경기도","40대","주거환경",4678
"경기도","40대","자연환경",1061
"경기도","40대","기타",10497
"경기도","50대","계",95337
"경기도","50대","직업",29824
"경기도","50대","가족",22703
"경기도","50대","주택",25012
"경기도","50대","교육",369
"경기도","50대","주거환경",3799
"경기도","50대","자연환경",1664
"경기도","50대","기타",11966
"경기도","60대","계",76127
"경기도","60대","직업",14734
"경기도","60대","가족",22126
"경기도","60대","주택",23318
"경기도","60대","교육",181
"경기도","60대","주거환경",3391
"경기도","60대","자연환경",1915
"경기도","60대","기타",10462
"경기도","70세 이상","계",55066
"경기도","70세 이상","직업",2699
"경기도","70세 이상","가족",20028
"경기도","70세 이상","주택",14422
"경기도","70세 이상","교육",82
"경기도","70세 이상","주거환경",3970
"경기도","70세 이상","자연환경",3057
"경기도","70세 이상","기타",10808
"경기도","19-34세","계",411172
"경기도","19-34세","직업",147878
"경기도","19-34세","가족",125540
"경기도","19-34세","주택",67019
"경기도","19-34세","교육",23654
"경기도","19-34세","주거환경",22025
"경기도","19-34세","자연환경",1268
"경기도","19-34세","기타",23788
"경기도","19-39세","계",485061
"경기도","19-39세","직업",169786
"경기도","19-39세","가족",148664
"경기도","19-39세","주택",85897
"경기도","19-39세","교육",23960
"경기도","19-39세","주거환경",25828
"경기도","19-39세","자연환경",1723
"경기도","19-39세","기타",29203
"강원특별자치도","계","계",103941
"강원특별자치도","계","직업",33327
"강원특별자치도","계","가족",28886
"강원특별자치도","계","주택",20739
"강원특별자치도","계","교육",7610
"강원특별자치도","계","주거환경",5008
"강원특별자치도","계","자연환경",3433
"강원특별자치도","계","기타",4938
"강원특별자치도","20세 미만","계",5484
"강원특별자치도","20세 미만","직업",342
"강원특별자치도","20세 미만","가족",2008
"강원특별자치도","20세 미만","주택",174
"강원특별자치도","20세 미만","교육",2683
"강원특별자치도","20세 미만","주거환경",117
"강원특별자치도","20세 미만","자연환경",25
"강원특별자치도","20세 미만","기타",135
"강원특별자치도","20대","계",32764
"강원특별자치도","20대","직업",13309
"강원특별자치도","20대","가족",8742
"강원특별자치도","20대","주택",3637
"강원특별자치도","20대","교육",4477
"강원특별자치도","20대","주거환경",1256
"강원특별자치도","20대","자연환경",180
"강원특별자치도","20대","기타",1163
"강원특별자치도","30대","계",19082
"강원특별자치도","30대","직업",7386
"강원특별자치도","30대","가족",5790
"강원특별자치도","30대","주택",3842
"강원특별자치도","30대","교육",166
"강원특별자치도","30대","주거환경",799
"강원특별자치도","30대","자연환경",256
"강원특별자치도","30대","기타",843
"강원특별자치도","40대","계",12241
"강원특별자치도","40대","직업",4554
"강원특별자치도","40대","가족",3064
"강원특별자치도","40대","주택",2799
"강원특별자치도","40대","교육",149
"강원특별자치도","40대","주거환경",535
"강원특별자치도","40대","자연환경",443
"강원특별자치도","40대","기타",697
"강원특별자치도","50대","계",14665
"강원특별자치도","50대","직업",4852
"강원특별자치도","50대","가족",3487
"강원특별자치도","50대","주택",3915
"강원특별자치도","50대","교육",95
"강원특별자치도","50대","주거환경",668
"강원특별자치도","50대","자연환경",817
"강원특별자치도","50대","기타",831
"강원특별자치도","60대","계",12580
"강원특별자치도","60대","직업",2517
"강원특별자치도","60대","가족",3341
"강원특별자치도","60대","주택",4224
"강원특별자치도","60대","교육",31
"강원특별자치도","60대","주거환경",818
"강원특별자치도","60대","자연환경",982
"강원특별자치도","60대","기타",667
"강원특별자치도","70세 이상","계",7125
"강원특별자치도","70세 이상","직업",367
"강원특별자치도","70세 이상","가족",2454
"강원특별자치도","70세 이상","주택",2148
"강원특별자치도","70세 이상","교육",9
"강원특별자치도","70세 이상","주거환경",815
"강원특별자치도","70세 이상","자연환경",730
"강원특별자치도","70세 이상","기타",602
"강원특별자치도","19-34세","계",46791
"강원특별자치도","19-34세","직업",18391
"강원특별자치도","19-34세","가족",13008
"강원특별자치도","19-34세","주택",6080
"강원특별자치도","19-34세","교육",5462
"강원특별자치도","19-34세","주거환경",1820
"강원특별자치도","19-34세","자연환경",307
"강원특별자치도","19-34세","기타",1723
"강원특별자치도","19-39세","계",53597
"강원특별자치도","19-39세","직업",20893
"강원특별자치도","19-39세","가족",15043
"강원특별자치도","19-39세","주택",7551
"강원특별자치도","19-39세","교육",5513
"강원특별자치도","19-39세","주거환경",2096
"강원특별자치도","19-39세","자연환경",447
"강원특별자치도","19-39세","기타",2054
"충청북도","계","계",112272
"충청북도","계","직업",37495
"충청북도","계","가족",30115
"충청북도","계","주택",22150
"충청북도","계","교육",7434
"충청북도","계","주거환경",4862
"충청북도","계","자연환경",2415
"충청북도","계","기타",7801
"충청북도","20세 미만","계",5138
"충청북도","20세 미만","직업",390
"충청북도","20세 미만","가족",1737
"충청북도","20세 미만","주택",197
"충청북도","20세 미만","교육",2384
"충청북도","20세 미만","주거환경",105
"충청북도","20세 미만","자연환경",19
"충청북도","20세 미만","기타",306
"충청북도","20대","계",38422
"충청북도","20대","직업",15771
"충청북도","20대","가족",9912
"충청북도","20대","주택",4526
"충청북도","20대","교육",4658
"충청북도","20대","주거환경",1659
"충청북도","20대","자연환경",137
"충청북도","20대","기타",1759
"충청북도","30대","계",23700
"충청북도","30대","직업",8790
"충청북도","30대","가족",6914
"충청북도","30대","주택",5332
"충청북도","30대","교육",179
"충청북도","30대","주거환경",937
"충청북도","30대","자연환경",159
"충청북도","30대","기타",1389
"충청북도","40대","계",12951
"충청북도","40대","직업",5002
"충청북도","40대","가족",2939
"충청북도","40대","주택",3070
"충청북도","40대","교육",119
"충청북도","40대","주거환경",497
"충청북도","40대","자연환경",236
"충청북도","40대","기타",1088
"충청북도","50대","계",14087
"충청북도","50대","직업",4724
"충청북도","50대","가족",3276
"충청북도","50대","주택",3653
"충청북도","50대","교육",72
"충청북도","50대","주거환경",525
"충청북도","50대","자연환경",579
"충청북도","50대","기타",1258
"충청북도","60대","계",11289
"충청북도","60대","직업",2435
"충청북도","60대","가족",3041
"충청북도","60대","주택",3511
"충청북도","60대","교육",15
"충청북도","60대","주거환경",497
"충청북도","60대","자연환경",734
"충청북도","60대","기타",1056
"충청북도","70세 이상","계",6685
"충청북도","70세 이상","직업",383
"충청북도","70세 이상","가족",2296
"충청북도","70세 이상","주택",1861
"충청북도","70세 이상","교육",7
"충청북도","70세 이상","주거환경",642
"충청북도","70세 이상","자연환경",551
"충청북도","70세 이상","기타",945
"충청북도","19-34세","계",55922
"충청북도","19-34세","직업",21861
"충청북도","19-34세","가족",15106
"충청북도","19-34세","주택",8031
"충청북도","19-34세","교육",5624
"충청북도","19-34세","주거환경",2359
"충청북도","19-34세","자연환경",226
"충청북도","19-34세","기타",2715
"충청북도","19-39세","계",63906
"충청북도","19-39세","직업",24773
"충청북도","19-39세","가족",17328
"충청북도","19-39세","주택",9941
"충청북도","19-39세","교육",5676
"충청북도","19-39세","주거환경",2638
"충청북도","19-39세","자연환경",303
"충청북도","19-39세","기타",3247
"충청남도","계","계",151665
"충청남도","계","직업",53229
"충청남도","계","가족",39821
"충청남도","계","주택",29518
"충청남도","계","교육",9245
"충청남도","계","주거환경",6685
"충청남도","계","자연환경",3071
"충청남도","계","기타",10096
"충청남도","20세 미만","계",7111
"충청남도","20세 미만","직업",528
"충청남도","20세 미만","가족",2348
"충청남도","20세 미만","주택",295
"충청남도","20세 미만","교육",3468
"충청남도","20세 미만","주거환경",148
"충청남도","20세 미만","자연환경",25
"충청남도","20세 미만","기타",299
"충청남도","20대","계",48426
"충청남도","20대","직업",20384
"충청남도","20대","가족",12395
"충청남도","20대","주택",5728
"충청남도","20대","교육",5310
"충청남도","20대","주거환경",2128
"충청남도","20대","자연환경",197
"충청남도","20대","기타",2284
"충청남도","30대","계",32445
"충청남도","30대","직업",12791
"충청남도","30대","가족",8870
"충청남도","30대","주택",7147
"충청남도","30대","교육",182
"충청남도","30대","주거환경",1410
"충청남도","30대","자연환경",242
"충청남도","30대","기타",1803
"충청남도","40대","계",19241
"충청남도","40대","직업",7980
"충청남도","40대","가족",4311
"충청남도","40대","주택",4316
"충청남도","40대","교육",160
"충청남도","40대","주거환경",668
"충청남도","40대","자연환경",332
"충청남도","40대","기타",1474
"충청남도","50대","계",19947
"충청남도","50대","직업",7369
"충청남도","50대","가족",4500
"충청남도","50대","주택",4847
"충청남도","50대","교육",74
"충청남도","50대","주거환경",745
"충청남도","50대","자연환경",736
"충청남도","50대","기타",1676
"충청남도","60대","계",15620
"충청남도","60대","직업",3630
"충청남도","60대","가족",4196
"충청남도","60대","주택",4709
"충청남도","60대","교육",39
"충청남도","60대","주거환경",807
"충청남도","60대","자연환경",805
"충청남도","60대","기타",1434
"충청남도","70세 이상","계",8875
"충청남도","70세 이상","직업",547
"충청남도","70세 이상","가족",3201
"충청남도","70세 이상","주택",2476
"충청남도","70세 이상","교육",12
"충청남도","70세 이상","주거환경",779
"충청남도","70세 이상","자연환경",734
"충청남도","70세 이상","기타",1126
"충청남도","19-34세","계",71560
"충청남도","19-34세","직업",28929
"충청남도","19-34세","가족",18911
"충청남도","19-34세","주택",10179
"충청남도","19-34세","교육",6634
"충청남도","19-34세","주거환경",3113
"충청남도","19-34세","자연환경",341
"충청남도","19-34세","기타",3453
"충청남도","19-39세","계",83420
"충청남도","19-39세","직업",33480
"충청남도","19-39세","가족",21988
"충청남도","19-39세","주택",13001
"충청남도","19-39세","교육",6705
"충청남도","19-39세","주거환경",3603
"충청남도","19-39세","자연환경",448
"충청남도","19-39세","기타",4195
"전북특별자치도","계","계",114106
"전북특별자치도","계","직업",30826
"전북특별자치도","계","가족",35096
"전북특별자치도","계","주택",22092
"전북특별자치도","계","교육",6735
"전북특별자치도","계","주거환경",5733
"전북특별자치도","계","자연환경",3032
"전북특별자치도","계","기타",10592
"전북특별자치도","20세 미만","계",5591
"전북특별자치도","20세 미만","직업",302
"전북특별자치도","20세 미만","가족",2162
"전북특별자치도","20세 미만","주택",227
"전북특별자치도","20세 미만","교육",2340
"전북특별자치도","20세 미만","주거환경",158
"전북특별자치도","20세 미만","자연환경",23
"전북특별자치도","20세 미만","기타",379
"전북특별자치도","20대","계",33973
"전북특별자치도","20대","직업",11358
"전북특별자치도","20대","가족",10425
"전북특별자치도","20대","주택",4123
"전북특별자치도","20대","교육",3882
"전북특별자치도","20대","주거환경",1660
"전북특별자치도","20대","자연환경",207
"전북특별자치도","20대","기타",2318
"전북특별자치도","30대","계",21485
"전북특별자치도","30대","직업",6615
"전북특별자치도","30대","가족",7211
"전북특별자치도","30대","주택",4540
"전북특별자치도","30대","교육",205
"전북특별자치도","30대","주거환경",1026
"전북특별자치도","30대","자연환경",232
"전북특별자치도","30대","기타",1656
"전북특별자치도","40대","계",14505
"전북특별자치도","40대","직업",4551
"전북특별자치도","40대","가족",4078
"전북특별자치도","40대","주택",3148
"전북특별자치도","40대","교육",174
"전북특별자치도","40대","주거환경",649
"전북특별자치도","40대","자연환경",348
"전북특별자치도","40대","기타",1557
"전북특별자치도","50대","계",16471
"전북특별자치도","50대","직업",4880
"전북특별자치도","50대","가족",4230
"전북특별자치도","50대","주택",3825
"전북특별자치도","50대","교육",88
"전북특별자치도","50대","주거환경",778
"전북특별자치도","50대","자연환경",778
"전북특별자치도","50대","기타",1892
"전북특별자치도","60대","계",13537
"전북특별자치도","60대","직업",2640
"전북특별자치도","60대","가족",3818
"전북특별자치도","60대","주택",3895
"전북특별자치도","60대","교육",29
"전북특별자치도","60대","주거환경",739
"전북특별자치도","60대","자연환경",786
"전북특별자치도","60대","기타",1630
"전북특별자치도","70세 이상","계",8544
"전북특별자치도","70세 이상","직업",480
"전북특별자치도","70세 이상","가족",3172
"전북특별자치도","70세 이상","주택",2334
"전북특별자치도","70세 이상","교육",17
"전북특별자치도","70세 이상","주거환경",723
"전북특별자치도","70세 이상","자연환경",658
"전북특별자치도","70세 이상","기타",1160
"전북특별자치도","19-34세","계",49410
"전북특별자치도","19-34세","직업",15811
"전북특별자치도","19-34세","가족",15774
"전북특별자치도","19-34세","주택",7003
"전북특별자치도","19-34세","교육",4654
"전북특별자치도","19-34세","주거환경",2389
"전북특별자치도","19-34세","자연환경",338
"전북특별자치도","19-34세","기타",3441
"전북특별자치도","19-39세","계",57132
"전북특별자치도","19-39세","직업",18153
"전북특별자치도","19-39세","가족",18208
"전북특별자치도","19-39세","주택",8756
"전북특별자치도","19-39세","교육",4714
"전북특별자치도","19-39세","주거환경",2757
"전북특별자치도","19-39세","자연환경",452
"전북특별자치도","19-39세","기타",4092
"전라남도","계","계",113522
"전라남도","계","직업",35858
"전라남도","계","가족",34856
"전라남도","계","주택",20138
"전라남도","계","교육",4346
"전라남도","계","주거환경",4542
"전라남도","계","자연환경",3611
"전라남도","계","기타",10171
"전라남도","20세 미만","계",5278
"전라남도","20세 미만","직업",352
"전라남도","20세 미만","가족",2315
"전라남도","20세 미만","주택",211
"전라남도","20세 미만","교육",1892
"전라남도","20세 미만","주거환경",130
"전라남도","20세 미만","자연환경",38
"전라남도","20세 미만","기타",340
"전라남도","20대","계",30766
"전라남도","20대","직업",11884
"전라남도","20대","가족",10108
"전라남도","20대","주택",3291
"전라남도","20대","교육",2022
"전라남도","20대","주거환경",1184
"전라남도","20대","자연환경",276
"전라남도","20대","기타",2001
"전라남도","30대","계",20841
"전라남도","30대","직업",7510
"전라남도","30대","가족",6802
"전라남도","30대","주택",3708
"전라남도","30대","교육",155
"전라남도","30대","주거환경",768
"전라남도","30대","자연환경",285
"전라남도","30대","기타",1613
"전라남도","40대","계",15392
"전라남도","40대","직업",5961
"전라남도","40대","가족",3991
"전라남도","40대","주택",2817
"전라남도","40대","교육",164
"전라남도","40대","주거환경",504
"전라남도","40대","자연환경",413
"전라남도","40대","기타",1542
"전라남도","50대","계",18789
"전라남도","50대","직업",6520
"전라남도","50대","가족",4674
"전라남도","50대","주택",3955
"전라남도","50대","교육",78
"전라남도","50대","주거환경",682
"전라남도","50대","자연환경",934
"전라남도","50대","기타",1946
"전라남도","60대","계",14427
"전라남도","60대","직업",3100
"전라남도","60대","가족",4127
"전라남도","60대","주택",3957
"전라남도","60대","교육",27
"전라남도","60대","주거환경",640
"전라남도","60대","자연환경",1007
"전라남도","60대","기타",1569
"전라남도","70세 이상","계",8029
"전라남도","70세 이상","직업",531
"전라남도","70세 이상","가족",2839
"전라남도","70세 이상","주택",2199
"전라남도","70세 이상","교육",8
"전라남도","70세 이상","주거환경",634
"전라남도","70세 이상","자연환경",658
"전라남도","70세 이상","기타",1160
"전라남도","19-34세","계",45008
"전라남도","19-34세","직업",16654
"전라남도","19-34세","가족",15070
"전라남도","19-34세","주택",5644
"전라남도","19-34세","교육",2433
"전라남도","19-34세","주거환경",1709
"전라남도","19-34세","자연환경",459
"전라남도","19-34세","기타",3039
"전라남도","19-39세","계",52949
"전라남도","19-39세","직업",19591
"전라남도","19-39세","가족",17490
"전라남도","19-39세","주택",7084
"전라남도","19-39세","교육",2495
"전라남도","19-39세","주거환경",1988
"전라남도","19-39세","자연환경",586
"전라남도","19-39세","기타",3715
"경상북도","계","계",164326
"경상북도","계","직업",53743
"경상북도","계","가족",44755
"경상북도","계","주택",26416
"경상북도","계","교육",12714
"경상북도","계","주거환경",6994
"경상북도","계","자연환경",4934
"경상북도","계","기타",14770
"경상북도","20세 미만","계",8817
"경상북도","20세 미만","직업",570
"경상북도","20세 미만","가족",2753
"경상북도","20세 미만","주택",256
"경상북도","20세 미만","교육",4558
"경상북도","20세 미만","주거환경",158
"경상북도","20세 미만","자연환경",33
"경상북도","20세 미만","기타",489
"경상북도","20대","계",52069
"경상북도","20대","직업",20539
"경상북도","20대","가족",13985
"경상북도","20대","주택",4555
"경상북도","20대","교육",7547
"경상북도","20대","주거환경",1850
"경상북도","20대","자연환경",316
"경상북도","20대","기타",3277
"경상북도","30대","계",30991
"경상북도","30대","직업",12052
"경상북도","30대","가족",9315
"경상북도","30대","주택",5363
"경상북도","30대","교육",279
"경상북도","30대","주거환경",1182
"경상북도","30대","자연환경",372
"경상북도","30대","기타",2428
"경상북도","40대","계",19822
"경상북도","40대","직업",7841
"경상북도","40대","가족",4679
"경상북도","40대","주택",3644
"경상북도","40대","교육",186
"경상북도","40대","주거환경",816
"경상북도","40대","자연환경",561
"경상북도","40대","기타",2095
"경상북도","50대","계",22561
"경상북도","50대","직업",7704
"경상북도","50대","가족",5177
"경상북도","50대","주택",4840
"경상북도","50대","교육",87
"경상북도","50대","주거환경",1000
"경상북도","50대","자연환경",1210
"경상북도","50대","기타",2543
"경상북도","60대","계",18979
"경상북도","60대","직업",4281
"경상북도","60대","가족",5132
"경상북도","60대","주택",4901
"경상북도","60대","교육",42
"경상북도","60대","주거환경",1011
"경상북도","60대","자연환경",1411
"경상북도","60대","기타",2201
"경상북도","70세 이상","계",11087
"경상북도","70세 이상","직업",756
"경상북도","70세 이상","가족",3714
"경상북도","70세 이상","주택",2857
"경상북도","70세 이상","교육",15
"경상북도","70세 이상","주거환경",977
"경상북도","70세 이상","자연환경",1031
"경상북도","70세 이상","기타",1737
"경상북도","19-34세","계",74686
"경상북도","19-34세","직업",28650
"경상북도","19-34세","가족",20966
"경상북도","19-34세","주택",7987
"경상북도","19-34세","교육",8995
"경상북도","19-34세","주거환경",2673
"경상북도","19-34세","자연환경",525
"경상북도","19-34세","기타",4890
"경상북도","19-39세","계",85819
"경상북도","19-39세","직업",32909
"경상북도","19-39세","가족",24127
"경상북도","19-39세","주택",10026
"경상북도","19-39세","교육",9074
"경상북도","19-39세","주거환경",3092
"경상북도","19-39세","자연환경",704
"경상북도","19-39세","기타",5887
"경상남도","계","계",181505
"경상남도","계","직업",55264
"경상남도","계","가족",57714
"경상남도","계","주택",33068
"경상남도","계","교육",9708
"경상남도","계","주거환경",7887
"경상남도","계","자연환경",4633
"경상남도","계","기타",13231
"경상남도","20세 미만","계",8408
"경상남도","20세 미만","직업",449
"경상남도","20세 미만","가족",3460
"경상남도","20세 미만","주택",284
"경상남도","20세 미만","교육",3625
"경상남도","20세 미만","주거환경",171
"경상남도","20세 미만","자연환경",31
"경상남도","20세 미만","기타",388
"경상남도","20대","계",55589
"경상남도","20대","직업",20348
"경상남도","20대","가족",19147
"경상남도","20대","주택",5566
"경상남도","20대","교육",5533
"경상남도","20대","주거환경",2058
"경상남도","20대","자연환경",286
"경상남도","20대","기타",2651
"경상남도","30대","계",36955
"경상남도","30대","직업",12731
"경상남도","30대","가족",12822
"경상남도","30대","주택",7054
"경상남도","30대","교육",208
"경상남도","30대","주거환경",1510
"경상남도","30대","자연환경",363
"경상남도","30대","기타",2267
"경상남도","40대","계",23158
"경상남도","40대","직업",8582
"경상남도","40대","가족",5854
"경상남도","40대","주택",5043
"경상남도","40대","교육",179
"경상남도","40대","주거환경",908
"경상남도","40대","자연환경",550
"경상남도","40대","기타",2042
"경상남도","50대","계",24725
"경상남도","50대","직업",8267
"경상남도","50대","가족",6009
"경상남도","50대","주택",5946
"경상남도","50대","교육",86
"경상남도","50대","주거환경",1066
"경상남도","50대","자연환경",1083
"경상남도","50대","기타",2268
"경상남도","60대","계",20613
"경상남도","60대","직업",4252
"경상남도","60대","가족",5803
"경상남도","60대","주택",5971
"경상남도","60대","교육",62
"경상남도","60대","주거환경",1144
"경상남도","60대","자연환경",1303
"경상남도","60대","기타",2078
"경상남도","70세 이상","계",12057
"경상남도","70세 이상","직업",635
"경상남도","70세 이상","가족",4619
"경상남도","70세 이상","주택",3204
"경상남도","70세 이상","교육",15
"경상남도","70세 이상","주거환경",1030
"경상남도","70세 이상","자연환경",1017
"경상남도","70세 이상","기타",1537
"경상남도","19-34세","계",81983
"경상남도","19-34세","직업",28718
"경상남도","19-34세","가족",28890
"경상남도","19-34세","주택",10031
"경상남도","19-34세","교육",6600
"경상남도","19-34세","주거환경",3110
"경상남도","19-34세","자연환경",484
"경상남도","19-34세","기타",4150
"경상남도","19-39세","계",95204
"경상남도","19-39세","직업",33319
"경상남도","19-39세","가족",33127
"경상남도","19-39세","주택",12739
"경상남도","19-39세","교육",6666
"경상남도","19-39세","주거환경",3627
"경상남도","19-39세","자연환경",661
"경상남도","19-39세","기타",5065
"제주특별자치도","계","계",46150
"제주특별자치도","계","직업",14619
"제주특별자치도","계","가족",12009
"제주특별자치도","계","주택",10442
"제주특별자치도","계","교육",1242
"제주특별자치도","계","주거환경",1875
"제주특별자치도","계","자연환경",1543
"제주특별자치도","계","기타",4420
"제주특별자치도","20세 미만","계",1951
"제주특별자치도","20세 미만","직업",132
"제주특별자치도","20세 미만","가족",897
"제주특별자치도","20세 미만","주택",137
"제주특별자치도","20세 미만","교육",537
"제주특별자치도","20세 미만","주거환경",38
"제주특별자치도","20세 미만","자연환경",15
"제주특별자치도","20세 미만","기타",195
"제주특별자치도","20대","계",12620
"제주특별자치도","20대","직업",4786
"제주특별자치도","20대","가족",3574
"제주특별자치도","20대","주택",2213
"제주특별자치도","20대","교육",464
"제주특별자치도","20대","주거환경",591
"제주특별자치도","20대","자연환경",153
"제주특별자치도","20대","기타",839
"제주특별자치도","30대","계",9709
"제주특별자치도","30대","직업",3330
"제주특별자치도","30대","가족",2729
"제주특별자치도","30대","주택",2173
"제주특별자치도","30대","교육",71
"제주특별자치도","30대","주거환경",445
"제주특별자치도","30대","자연환경",221
"제주특별자치도","30대","기타",740
"제주특별자치도","40대","계",7406
"제주특별자치도","40대","직업",2633
"제주특별자치도","40대","가족",1546
"제주특별자치도","40대","주택",1792
"제주특별자치도","40대","교육",114
"제주특별자치도","40대","주거환경",269
"제주특별자치도","40대","자연환경",305
"제주특별자치도","40대","기타",747
"제주특별자치도","50대","계",7509
"제주특별자치도","50대","직업",2516
"제주특별자치도","50대","가족",1432
"제주특별자치도","50대","주택",1997
"제주특별자치도","50대","교육",39
"제주특별자치도","50대","주거환경",258
"제주특별자치도","50대","자연환경",408
"제주특별자치도","50대","기타",859
"제주특별자치도","60대","계",4809
"제주특별자치도","60대","직업",1094
"제주특별자치도","60대","가족",1093
"제주특별자치도","60대","주택",1511
"제주특별자치도","60대","교육",12
"제주특별자치도","60대","주거환경",172
"제주특별자치도","60대","자연환경",287
"제주특별자치도","60대","기타",640
"제주특별자치도","70세 이상","계",2146
"제주특별자치도","70세 이상","직업",128
"제주특별자치도","70세 이상","가족",738
"제주특별자치도","70세 이상","주택",619
"제주특별자치도","70세 이상","교육",5
"제주특별자치도","70세 이상","주거환경",102
"제주특별자치도","70세 이상","자연환경",154
"제주특별자치도","70세 이상","기타",400
"제주특별자치도","19-34세","계",19054
"제주특별자치도","19-34세","직업",6913
"제주특별자치도","19-34세","가족",5548
"제주특별자치도","19-34세","주택",3529
"제주특별자치도","19-34세","교육",577
"제주특별자치도","19-34세","주거환경",901
"제주특별자치도","19-34세","자연환경",271
"제주특별자치도","19-34세","기타",1315
"제주특별자치도","19-39세","계",22835
"제주특별자치도","19-39세","직업",8190
"제주특별자치도","19-39세","가족",6539
"제주특별자치도","19-39세","주택",4429
"제주특별자치도","19-39세","교육",614
"제주특별자치도","19-39세","주거환경",1057
"제주특별자치도","19-39세","자연환경",381
"제주특별자치도","19-39세","기타",1625
